age,OBS_VALUE,Count,CDC_Count,OBS_VALUE_percentage,Count_percentage,CDC_Count_percentage
0-17,57197,0,0,21.645278848955712,0.0,0.0
18-29,42988,12,12,16.268112788413873,20.0,20.0
30-39,49506,9,9,18.734744386880458,15.0,15.0
40-49,40327,5,5,15.26110040984382,8.333333333333332,8.333333333333332
50-59,34620,7,7,13.101378634383739,11.666666666666666,11.666666666666666
60-69,20718,6,6,7.840391754684065,10.0,10.0
70-79,12033,7,7,4.553694081673585,11.666666666666666,11.666666666666666
80-89,5798,12,12,2.194159252517531,20.0,20.0
90+,1060,2,2,0.40113984264722025,3.3333333333333335,3.3333333333333335
