IMD Decile,Total,Baseline_Count,CDC_Count,Total_percentage,Baseline_Count_percentage,CDC_Count_percentage
1.0,26100,,,10.177422499512575,,
2.0,64130,13.0,9.0,25.006823942288946,19.402985074626866,13.432835820895523
3.0,47045,8.0,13.0,18.344706570481577,11.940298507462686,19.402985074626866
4.0,39877,34.0,36.0,15.549619808929616,50.74626865671642,53.73134328358209
5.0,22648,4.0,4.0,8.831351140573211,5.970149253731343,5.970149253731343
6.0,23975,1.0,1.0,9.348800935854943,1.4925373134328357,1.4925373134328357
7.0,10445,,,4.072918697601872,,
8.0,14171,,,5.52583349580815,,
9.0,8059,7.0,4.0,3.142522908949113,10.44776119402985,5.970149253731343
