gender,OBS_VALUE,Count,CDC_Count,OBS_VALUE_percentage,Count_percentage,CDC_Count_percentage
Female,136998,31,31,51.84467562545648,56.36363636363636,56.36363636363636
Male,127249,24,24,48.15532437454351,43.63636363636363,43.63636363636363
