gender,OBS_VALUE,Count,CDC_Count,OBS_VALUE_percentage,Count_percentage,CDC_Count_percentage
Female,136998,24,24,51.84467562545648,43.63636363636363,43.63636363636363
Male,127249,31,31,48.15532437454351,56.36363636363636,56.36363636363636
