Pop_IMD,Total,Baseline_Count,CDC_Count,Total_percentage,Baseline_Count_percentage,CDC_Count_percentage
1.0,26100,,,10.177422499512575,,
2.0,64130,16.0,19.0,25.006823942288946,23.88059701492537,28.35820895522388
3.0,47045,21.0,20.0,18.344706570481577,31.343283582089555,29.850746268656714
4.0,39877,20.0,15.0,15.549619808929616,29.850746268656714,22.388059701492537
5.0,22648,7.0,6.0,8.831351140573211,10.44776119402985,8.955223880597014
6.0,23975,,,9.348800935854943,,
7.0,10445,,,4.072918697601872,,
8.0,14171,,,5.52583349580815,,
9.0,8059,3.0,7.0,3.142522908949113,4.477611940298507,10.44776119402985
