GP_IMD,NUMBER_OF_PATIENTS,Baseline_Count,CDC_Count,NUMBER_OF_PATIENTS_percentage,Baseline_Count_percentage,CDC_Count_percentage
1,20317,,,6.044963076245619,,
2,78425,16.0,19.0,23.333968068837066,23.88059701492537,28.35820895522388
3,92427,21.0,20.0,27.50001487661337,31.343283582089555,29.850746268656714
4,27211,20.0,15.0,8.09615052752471,29.850746268656714,22.388059701492537
5,52795,7.0,6.0,15.708216056031276,10.44776119402985,8.955223880597014
6,26625,,,7.921796618843313,,
7,5605,,,1.6676683586334937,,
8,11021,,,3.2791031187332265,,
9,21672,3.0,7.0,6.448119298537927,4.477611940298507,10.44776119402985
