ethnicity,Census_Count,Baseline_Count,CDC_Count,Census_Count_percentage,Baseline_Count_percentage,CDC_Count_percentage
Asian,23081.0,16,18,8.735060590234413,23.88059701492537,26.865671641791046
Black,46468.0,9,13,17.585927624756845,13.432835820895523,19.402985074626866
Mixed,18555.0,16,12,7.022184881582234,23.88059701492537,17.91044776119403
Other,25554.0,6,4,9.670973455346397,8.955223880597014,5.970149253731343
White,150576.0,9,6,56.985853448080114,13.432835820895523,8.955223880597014
Unknown,,11,14,,16.417910447761194,20.8955223880597
