IMD2019 Decile,NUMBER_OF_PATIENTS,Baseline_Count,CDC_Count,NUMBER_OF_PATIENTS_percentage,Baseline_Count_percentage,CDC_Count_percentage
1,20317,,,6.044963076,,
2,78425,16,19,23.33396807,23.88059701,28.35820896
3,92427,21,20,27.50001488,31.34328358,29.85074627
4,27211,20,15,8.096150528,29.85074627,22.3880597
5,52795,7,6,15.70821606,10.44776119,8.955223881
6,26625,,,7.921796619,,
7,5605,,,1.667668359,,
8,11021,,,3.279103119,,
9,21672,3,7,6.448119299,4.47761194,10.44776119
