ethnicity,Census_Count,Baseline_Count,CDC_Count,Census_Count_percentage,Baseline_Count_percentage,CDC_Count_percentage
Asian,23081.0,618,1025,8.735060590234413,20.222513089005236,16.40524967989757
Black,46468.0,637,1020,17.585927624756845,20.844240837696333,16.325224071702944
Mixed,18555.0,400,719,7.022184881582234,13.089005235602095,11.507682458386684
Other,25554.0,158,261,9.670973455346397,5.170157068062827,4.177336747759283
White,150576.0,578,890,56.985853448080114,18.913612565445025,14.244558258642764
Unknown,,665,2333,,21.76047120418848,37.33994878361075
