ethnicity,Census_Count,Baseline_Count,CDC_Count,Census_Count_percentage,Baseline_Count_percentage,CDC_Count_percentage
Asian,23081.0,618,971,8.735060590234413,20.222513089005236,15.837546892839669
Black,46468.0,637,992,17.585927624756845,20.844240837696333,16.180068504322296
Mixed,18555.0,400,707,7.022184881582234,13.089005235602095,11.531560919915185
Other,25554.0,158,261,9.670973455346397,5.170157068062827,4.257054314141249
White,150576.0,578,890,56.985853448080114,18.913612565445025,14.516392105692383
Unknown,,665,2310,,21.76047120418848,37.67737726308922
