gender,Census_Count,Baseline_Count,CDC_Count,Census_Count_percentage,Baseline_Count_percentage,CDC_Count_percentage
Female,81745.0,1221.0,2407.0,50.63208815167638,39.95418848167539,38.52432778489116
Male,79704.0,1143.0,2548.0,49.36791184832362,37.40183246073299,40.78104993597951
Unknown,,692.0,1293.0,,22.643979057591622,20.69462227912932
