ethnicity,Census_Count,Baseline_Count,CDC_Count,Census_Count_percentage,Baseline_Count_percentage,CDC_Count_percentage
Asian,5992.0,602,923,3.7114806900182726,20.44836956521739,16.046592489568845
Black,2032.0,628,896,1.2586329709808295,21.331521739130434,15.577190542420027
Mixed,3853.0,428,637,2.3865712781442596,14.538043478260871,11.074408901251738
Other,1188.0,164,250,0.7358543157112329,5.570652173913043,4.346314325452017
White,148380.0,505,793,91.90746074514541,17.153532608695652,13.786509040333797
Unknown,,617,2253,,20.95788043478261,39.168984700973574
