ethnicity,Census_Count,Baseline_Count,CDC_Count,Census_Count_percentage,Baseline_Count_percentage,CDC_Count_percentage
Asian,23081.0,602,910,8.735060590234413,20.44836956521739,15.992970123022848
Black,46468.0,628,858,17.585927624756845,21.331521739130434,15.07908611599297
Mixed,18555.0,428,626,7.022184881582234,14.538043478260871,11.00175746924429
Other,25554.0,164,250,9.670973455346397,5.570652173913043,4.393673110720562
White,150576.0,505,793,56.985853448080114,17.153532608695652,13.936731107205624
Unknown,,617,2253,,20.95788043478261,39.59578207381371
