age,Census_Count,Baseline_Count,CDC_Count,Census_Count_percentage,Baseline_Count_percentage,CDC_Count_percentage
0-17,57197,2.0,2.0,21.645278848955712,3.6363636363636362,3.6363636363636362
18-29,42988,6.0,6.0,16.268112788413873,10.909090909090908,10.909090909090908
30-39,49506,8.0,8.0,18.734744386880458,14.545454545454545,14.545454545454545
40-49,40327,9.0,9.0,15.26110040984382,16.363636363636363,16.363636363636363
50-59,34620,12.0,12.0,13.101378634383739,21.818181818181817,21.818181818181817
60-69,20718,1.0,1.0,7.840391754684065,1.8181818181818181,1.8181818181818181
70-79,12033,9.0,9.0,4.553694081673585,16.363636363636363,16.363636363636363
80-89,5798,7.0,7.0,2.194159252517531,12.727272727272727,12.727272727272727
90+,1060,1.0,1.0,0.40113984264722025,1.8181818181818181,1.8181818181818181
