gender,Census_Count,Baseline_Count,CDC_Count,Census_Count_percentage,Baseline_Count_percentage,CDC_Count_percentage
Female,136998.0,1221.0,2407.0,51.84467562545648,39.95418848167539,38.52432778489116
Male,127249.0,1143.0,2548.0,48.15532437454351,37.40183246073299,40.78104993597951
Unknown,,692.0,1293.0,,22.643979057591622,20.69462227912932
