gender,Census_Count,Baseline_Count,CDC_Count,Census_Count_percentage,Baseline_Count_percentage,CDC_Count_percentage
Female,136998.0,1221.0,2344.0,51.84467562545648,39.95418848167539,38.23193606263252
Male,127249.0,1143.0,2531.0,48.15532437454351,37.40183246073299,41.2820094601207
Unknown,,692.0,1256.0,,22.643979057591622,20.48605447724678
