ethnicity,Census_Count,Baseline_Count,CDC_Count,Census_Count_percentage,Baseline_Count_percentage,CDC_Count_percentage
Asian,5992.0,618,1025,3.7114806900182726,20.222513089005236,16.40524967989757
Black,2032.0,637,1020,1.2586329709808295,20.844240837696333,16.325224071702944
Mixed,3853.0,400,719,2.3865712781442596,13.089005235602095,11.507682458386684
Other,1188.0,158,261,0.7358543157112329,5.170157068062827,4.177336747759283
White,148380.0,578,890,91.90746074514541,18.913612565445025,14.244558258642764
Unknown,,665,2333,,21.76047120418848,37.33994878361075
