ethnicity,Census_Count,Baseline_Count,CDC_Count,Census_Count_percentage,Baseline_Count_percentage,CDC_Count_percentage
Asian,23081.0,13,9,8.735060590234413,19.402985074626866,13.432835820895523
Black,46468.0,10,14,17.585927624756845,14.925373134328357,20.8955223880597
Mixed,18555.0,14,10,7.022184881582234,20.8955223880597,14.925373134328357
Other,25554.0,8,5,9.670973455346397,11.940298507462686,7.462686567164178
White,150576.0,12,15,56.985853448080114,17.91044776119403,22.388059701492537
Unknown,,10,14,,14.925373134328357,20.8955223880597
