gender,Census_Count,Baseline_Count,CDC_Count,Census_Count_percentage,Baseline_Count_percentage,CDC_Count_percentage
Female,136998.0,1239.0,2101.0,51.84467562545648,42.08559782608695,36.92442882249561
Male,127249.0,1026.0,2350.0,48.15532437454351,34.85054347826087,41.30052724077329
Unknown,,679.0,1239.0,,23.063858695652172,21.775043936731105
