age,Census_Count,Baseline_Count,CDC_Count,Census_Count_percentage,Baseline_Count_percentage,CDC_Count_percentage
0-17,36579,561.0,973.0,22.656690348035603,20.770085153646797,18.358490566037737
18-29,17253,324.0,601.0,10.686346772045662,11.995557201036654,11.339622641509434
30-39,19703,275.0,558.0,12.203853848583764,10.181414291003332,10.528301886792454
40-49,22085,277.0,571.0,13.67924236136489,10.255460940392446,10.773584905660377
50-59,24346,303.0,632.0,15.079684606284339,11.218067382450943,11.924528301886793
60-69,18442,373.0,569.0,11.422802247149255,13.809700111069976,10.735849056603772
70-79,14897,336.0,608.0,9.227062415995144,12.439837097371344,11.471698113207546
80-89,6663,240.0,704.0,4.126999857540152,8.885597926693817,13.283018867924529
90+,1481,12.0,84.0,0.9173175430011954,0.4442798963346909,1.5849056603773584
