age,Census_Count,Baseline_Count,CDC_Count,Census_Count_percentage,Baseline_Count_percentage,CDC_Count_percentage
0-17,57197,586.0,1229.0,21.645278848955712,21.12472963229993,21.966041108132263
18-29,42988,500.0,771.0,16.268112788413873,18.02451333813987,13.780160857908847
30-39,49506,214.0,726.0,18.734744386880458,7.714491708723864,12.97587131367292
40-49,40327,232.0,525.0,15.26110040984382,8.363374188896898,9.383378016085791
50-59,34620,253.0,552.0,13.101378634383739,9.120403749098774,9.865951742627347
60-69,20718,269.0,561.0,7.840391754684065,9.69718817591925,10.02680965147453
70-79,12033,334.0,594.0,4.553694081673585,12.040374909877432,10.616621983914209
80-89,5798,316.0,578.0,2.194159252517531,11.391492429704398,10.33065236818588
90+,1060,70.0,59.0,0.40113984264722025,2.523431867339582,1.0545129579982127
