gender,Census_Count,Baseline_Count,CDC_Count,Census_Count_percentage,Baseline_Count_percentage,CDC_Count_percentage
Female,136998.0,24.0,24.0,51.84467562545648,35.82089552238806,35.82089552238806
Male,127249.0,31.0,31.0,48.15532437454351,46.26865671641791,46.26865671641791
Unknown,,12.0,12.0,,17.91044776119403,17.91044776119403
