age,Census_Count,Baseline_Count,CDC_Count,Census_Count_percentage,Baseline_Count_percentage,CDC_Count_percentage
0-17,36579,586.0,1229.0,22.656690348035603,21.12472963229993,21.966041108132263
18-29,17253,500.0,771.0,10.686346772045662,18.02451333813987,13.780160857908847
30-39,19703,214.0,726.0,12.203853848583764,7.714491708723864,12.97587131367292
40-49,22085,232.0,525.0,13.67924236136489,8.363374188896898,9.383378016085791
50-59,24346,253.0,552.0,15.079684606284339,9.120403749098774,9.865951742627347
60-69,18442,269.0,561.0,11.422802247149255,9.69718817591925,10.02680965147453
70-79,14897,334.0,594.0,9.227062415995144,12.040374909877432,10.616621983914209
80-89,6663,316.0,578.0,4.126999857540152,11.391492429704398,10.33065236818588
90+,1481,70.0,59.0,0.9173175430011954,2.523431867339582,1.0545129579982127
