age,Census_Count,Baseline_Count,CDC_Count,Census_Count_percentage,Baseline_Count_percentage,CDC_Count_percentage
0-17,57197,586.0,1212.0,21.645278848955712,21.12472963229993,22.03235775313579
18-29,42988,500.0,731.0,16.268112788413873,18.02451333813987,13.288493001272498
30-39,49506,214.0,712.0,18.734744386880458,7.714491708723864,12.943101254317396
40-49,40327,232.0,525.0,15.26110040984382,8.363374188896898,9.543719323759317
50-59,34620,253.0,552.0,13.101378634383739,9.120403749098774,10.03453917469551
60-69,20718,269.0,561.0,7.840391754684065,9.69718817591925,10.198145791674241
70-79,12033,334.0,571.0,4.553694081673585,12.040374909877432,10.379930921650608
80-89,5798,316.0,578.0,2.194159252517531,11.391492429704398,10.507180512634067
90+,1060,70.0,59.0,0.40113984264722025,2.523431867339582,1.0725322668605708
